{"name":"74bdf016-4d46-4dfd-8ad9-6e3266b4c4f1","id":"/providers/Microsoft.Flow/flows/74bdf016-4d46-4dfd-8ad9-6e3266b4c4f1","type":"Microsoft.Flow/flows","properties":{"apiId":"/providers/Microsoft.PowerApps/apis/shared_logicflows","displayName":"Update Environment Variable","definition":{"metadata":{"workflowEntityId":null,"processAdvisorMetadata":null,"flowclientsuspensionreason":"None","flowclientsuspensiontime":null,"creator":{"id":"6a639ca1-12d1-4f03-aa15-47c502c93ad8","type":"User","tenantId":"cedef3e8-eced-4654-b6c6-c975e1708f79"},"provisioningMethod":"FromDefinition","failureAlertSubscription":true,"clientLastModifiedTime":"2022-01-17T17:03:53.215173Z"},"$schema":"https://schema.management.azure.com/providers/Microsoft.Logic/schemas/2016-06-01/workflowdefinition.json#","contentVersion":"1.0.0.0","parameters":{"$connections":{"defaultValue":{},"type":"Object"},"$authentication":{"defaultValue":{},"type":"SecureObject"}},"triggers":{"manual":{"metadata":{"operationMetadataId":"f17f951c-1112-4a5c-be8c-f980b8a803cc"},"type":"Request","kind":"Button","inputs":{"schema":{"type":"object","properties":{"text":{"title":"Variable Name","type":"string","x-ms-dynamically-added":true,"description":"Enter variable to update","x-ms-content-hint":"TEXT"},"text_1":{"title":"New Value","type":"string","x-ms-dynamically-added":true,"description":"Set new value for the variable","x-ms-content-hint":"TEXT"}},"required":["text","text_1"]}}}},"actions":{"List_row_from_definition_table":{"runAfter":{},"metadata":{"operationMetadataId":"56d19cda-4456-47f3-8bf3-62c056414dad"},"type":"OpenApiConnection","inputs":{"host":{"apiId":"/providers/Microsoft.PowerApps/apis/shared_commondataserviceforapps","connectionName":"shared_commondataserviceforapps","operationId":"ListRecords"},"parameters":{"entityName":"environmentvariabledefinitions","$filter":"displayname eq '@{triggerBody()['text']}'","$top":1},"authentication":"@parameters('$authentication')"}},"Compose_schema_name":{"runAfter":{"List_row_from_definition_table":["Succeeded"]},"metadata":{"operationMetadataId":"71916c5c-0bf9-43b3-821a-7fa4c72fad93"},"type":"Compose","inputs":"@first(body('List_row_from_definition_table')?['value'])?['schemaname']"},"List_row_from_value_table":{"runAfter":{"Compose_schema_name":["Succeeded"]},"metadata":{"operationMetadataId":"0150c161-7a4d-460c-9007-7dc1a446535d"},"type":"OpenApiConnection","inputs":{"host":{"apiId":"/providers/Microsoft.PowerApps/apis/shared_commondataserviceforapps","connectionName":"shared_commondataserviceforapps","operationId":"ListRecords"},"parameters":{"entityName":"environmentvariablevalues","$filter":"schemaname eq '@{outputs('Compose_schema_name')}'","$top":1},"authentication":"@parameters('$authentication')"}},"Update_value_in_value_table":{"runAfter":{"List_row_from_value_table":["Succeeded"]},"metadata":{"operationMetadataId":"e47ec85b-5f56-43e5-8e37-9c944d863cc5"},"type":"OpenApiConnection","inputs":{"host":{"apiId":"/providers/Microsoft.PowerApps/apis/shared_commondataserviceforapps","connectionName":"shared_commondataserviceforapps","operationId":"UpdateRecord"},"parameters":{"entityName":"environmentvariablevalues","recordId":"@first(body('List_row_from_value_table')?['value'])?['environmentvariablevalueid']","item/schemaname":"@outputs('Compose_schema_name')","item/value":"@triggerBody()['text_1']"},"authentication":"@parameters('$authentication')"}}}},"connectionReferences":{"shared_commondataserviceforapps":{"connectionName":"8e748515ffcc48ab978a5f9268e9da8d","source":"Embedded","id":"/providers/Microsoft.PowerApps/apis/shared_commondataserviceforapps","tier":"NotSpecified"}},"flowFailureAlertSubscribed":false}}